Project,Library
activemq,org.apache.directory.server.core.integ.AbstractLdapTestUnit
activemq,org.apache.directory.server.core.integ.FrameworkRunner
activemq,org.apache.directory.server.integ.ServerIntegrationUtils
activemq,org.apache.directory.server.ldap.LdapServer
activemq,org.apache.directory.server.annotations.CreateLdapServer
activemq,org.apache.directory.server.annotations.CreateTransport
activemq,org.apache.directory.server.core.annotations.ApplyLdifFiles
activemq,org.junit.After
activemq,org.junit.Before
activemq,org.junit.Test
activemq,org.junit.runner.RunWith
activemq,javax.naming.Context
activemq,javax.naming.NameClassPair
activemq,javax.naming.NamingEnumeration
activemq,javax.naming.directory.DirContext
activemq,javax.naming.directory.InitialDirContext
activemq,javax.security.auth.callback
activemq,javax.security.auth.login.LoginContext
activemq,javax.security.auth.login.LoginException
activemq,java.io.IOException
activemq,java.net.URL
activemq,java.util.HashSet
activemq,java.util.Hashtable
activemq,org.junit.Assert.assertEquals
activemq,org.junit.Assert.assertTrue
activemq,org.junit.Assert.fail
activemq,java.security.Principal
activemq,javax.security.auth.Subject
activemq,org.junit.Assert.assertFalse
activemq,org.junit.Assert.assertNotNull
activemq,org.junit.Assert.assertNull
activemq,java.net.ProtocolException
activemq,java.util.Arrays
activemq,java.util.Collection
activemq,java.util.List
activemq,java.util.concurrent.TimeUnit
activemq,java.util.concurrent.atomic.AtomicBoolean
activemq,java.util.concurrent.atomic.AtomicInteger
activemq,javax.jms.InvalidClientIDException
activemq,javax.security.auth.login.CredentialException
activemq,org.apache.activemq.broker.Broker
activemq,org.apache.activemq.broker.BrokerFilter
activemq,org.apache.activemq.broker.BrokerPlugin
activemq,org.apache.activemq.broker.ConnectionContext
activemq,org.apache.activemq.command.ConnectionInfo
activemq,org.fusesource.mqtt.client.BlockingConnection
activemq,org.fusesource.mqtt.client.MQTT
activemq,org.fusesource.mqtt.client.Message
activemq,org.fusesource.mqtt.client.QoS
activemq,org.fusesource.mqtt.client.Topic
activemq,org.fusesource.mqtt.client.Tracer
activemq,org.fusesource.mqtt.codec.CONNACK
activemq,org.fusesource.mqtt.codec.MQTTFrame
activemq,org.junit.runners.Parameterized
activemq,org.junit.runners.Parameterized.Parameters
activemq,org.slf4j.Logger
activemq,org.slf4j.LoggerFactory
activemq,org.apache.activemq.broker.BrokerService
activemq,org.apache.activemq.broker.MutableBrokerFilter
activemq,org.apache.activemq.shiro.authc.AuthenticationFilter
activemq,org.apache.activemq.shiro.authc.DefaultAuthenticationPolicy
activemq,org.apache.activemq.shiro.authz.AuthorizationFilter
activemq,org.apache.activemq.shiro.env.IniEnvironment
activemq,org.apache.activemq.shiro.subject.DefaultConnectionSubjectFactory
activemq,org.apache.activemq.shiro.subject.SubjectFilter
activemq,org.apache.activemq.test.JmsResourceProvider
activemq,org.apache.activemq.test.TestSupport
activemq,org.apache.shiro.authc.AuthenticationException
activemq,org.apache.shiro.config.Ini
activemq,org.apache.shiro.env.DefaultEnvironment
activemq,org.apache.shiro.env.Environment
activemq,org.apache.shiro.mgt.DefaultSecurityManager
activemq,org.apache.shiro.realm.text.IniRealm
activemq,javax.jms.Connection
activemq,javax.jms.ConnectionFactory
activemq,javax.jms.Destination
activemq,javax.jms.JMSException
activemq,javax.jms.MessageConsumer
activemq,javax.jms.MessageProducer
activemq,javax.jms.Session
Activiti,java.util.HashMap
Activiti,java.util.Map
Activiti,org.activiti.engine.impl.identity.Authentication
Activiti,org.activiti.engine.impl.test.PluggableActivitiTestCase
Activiti,org.activiti.engine.runtime.ProcessInstance
Activiti,org.activiti.engine.test.Deployment
admin-autobot,org.mockito.Mockito.mock
admin-autobot,org.mockito.Mockito.never
admin-autobot,org.mockito.Mockito.verify
admin-autobot,org.mockito.Mockito.when
admin-autobot,org.junit.Rule
admin-autobot,org.junit.experimental.categories.Category
admin-autobot,org.junit.rules.ExpectedException
admin-autobot,org.mockito.Mockito
admin-autobot,ch.ethz.ssh2.Connection
admin-autobot,ch.ethz.ssh2.ConnectionInfo
admin-autobot,ch.ethz.ssh2.Session
admin-autobot,com.novicehacks.autobot.categories.FunctionalTest
admin-autobot,com.novicehacks.autobot.categories.UnitTest
admin-autobot,com.novicehacks.autobot.executor.ssh.DefaultSSHConnection
admin-autobot,com.novicehacks.autobot.executor.ssh.SSHConnection
admin-autobot,com.novicehacks.autobot.executor.ssh.SSHSession
admin-autobot,org.junit.FixMethodOrder
admin-autobot,org.junit.runners.MethodSorters
admin-autobot,com.novicehacks.autobot.categories.EnvironmentalTest
agoncal-application-petstore-ee6,org.agoncal.application.petstore.domain.Customer
agoncal-application-petstore-ee6,org.agoncal.application.petstore.service.CustomerService
agoncal-application-petstore-ee6,org.agoncal.application.petstore.util.ConfigPropertyProducer
agoncal-application-petstore-ee6,org.agoncal.application.petstore.util.LoggingProducer
agoncal-application-petstore-ee6,org.agoncal.application.petstore.web.Credentials
agoncal-application-petstore-ee6,org.jboss.arquillian.container.test.api.Deployment
agoncal-application-petstore-ee6,org.jboss.arquillian.junit.Arquillian
agoncal-application-petstore-ee6,org.jboss.shrinkwrap.api.ArchivePaths
agoncal-application-petstore-ee6,org.jboss.shrinkwrap.api.ShrinkWrap
agoncal-application-petstore-ee6,org.jboss.shrinkwrap.api.asset.EmptyAsset
agoncal-application-petstore-ee6,org.jboss.shrinkwrap.api.spec.JavaArchive
agoncal-application-petstore-ee6,org.junit.Ignore
agoncal-application-petstore-ee6,javax.enterprise.context.SessionScoped
agoncal-application-petstore-ee6,javax.inject.Inject
Alfresco,org.alfresco.demoamp.DemoComponent
Alfresco,org.alfresco.model.ContentModel
Alfresco,org.alfresco.repo.security.authentication.AuthenticationUtil
Alfresco,org.alfresco.service.cmr.repository.NodeRef
Alfresco,org.alfresco.service.cmr.repository.NodeService
Alfresco,org.apache.log4j.Logger
Alfresco,org.springframework.beans.factory.annotation.Autowired
Alfresco,org.springframework.beans.factory.annotation.Qualifier
Alfresco,org.springframework.test.context.ContextConfiguration
Alfresco,org.springframework.test.context.junit4.SpringJUnit4ClassRunner
Alfresco,com.tradeshift.test.remote.Remote
Alfresco,com.tradeshift.test.remote.RemoteTestRunner
alien4cloud,javax.naming.NamingException
alien4cloud,org.elasticsearch.common.collect.Lists
alien4cloud,org.junit.Assert
alien4cloud,org.springframework.test.context.ActiveProfiles
alien4cloud,alien4cloud.security.User
alljoyn,org.alljoyn.bus.BusAttachment
alljoyn,org.alljoyn.bus.BusException
alljoyn,org.alljoyn.bus.BusObject
alljoyn,org.alljoyn.bus.SignalEmitter
alljoyn,org.alljoyn.bus.Status
alljoyn,org.alljoyn.bus.ifaces.DBusProxyObj
alljoyn,java.io.ByteArrayInputStream
alljoyn,java.io.BufferedInputStream
alljoyn,java.lang.ref.WeakReference
alljoyn,java.security.cert.Certificate
alljoyn,java.security.cert.CertificateFactory
alljoyn,java.security.cert.CertPath
alljoyn,java.security.cert.CertPathValidator
alljoyn,java.security.cert.CertPathValidatorException
alljoyn,java.security.cert.PKIXCertPathValidatorResult
alljoyn,java.security.cert.PKIXParameters
alljoyn,java.security.cert.TrustAnchor
alljoyn,java.security.cert.X509Certificate
alljoyn,java.util.ArrayList
alljoyn,java.util.Collections
alljoyn,java.util.Iterator
alljoyn,java.util.Set
alljoyn,javax.security.auth.x500.X500Principal
alljoyn,junit.framework.Assert
alljoyn,junit.framework.TestCase
alljoyn,org.alljoyn.bus.annotation.BusSignalHandler
alljoyn,org.alljoyn.bus.ifaces.Introspectable
alljoyn,java.io.File
Alohalytics,android.test.InstrumentationTestCase
Alohalytics,org.alohalytics.HttpTransport
Alohalytics,java.io.FileNotFoundException
andes,javax.management.remote.JMXPrincipal
andes,javax.security.sasl.SaslException
andes,javax.security.sasl.SaslServer
andes,org.wso2.andes.configuration.qpid.plugins.ConfigurationPlugin
andes,org.wso2.andes.server.security.auth.AuthenticationResult
andes,org.wso2.andes.server.security.auth.AuthenticationResult.AuthenticationStatus
andes,org.wso2.andes.server.security.auth.manager.AuthenticationManager
andes,java.security.MessageDigest
andes,javax.crypto.Mac
andes,javax.crypto.spec.SecretKeySpec
andes,javax.security.auth.login.AccountNotFoundException
andes,org.apache.commons.codec.binary.Hex
andes,org.wso2.andes.server.security.auth.database.Base64MD5PasswordFilePrincipalDatabase
andes,org.wso2.andes.server.security.auth.sasl.crammd5.CRAMMD5HexInitialiser
andes,org.wso2.andes.server.security.auth.sasl.crammd5.CRAMMD5HexSaslServer
andes,org.wso2.andes.server.security.auth.sasl.crammd5.CRAMMD5HexServerFactory
andes,org.wso2.andes.transport.ConnectionSettings.WILDCARD_ADDRESS
andes,java.io.FileWriter
andes,java.util.Locale
andes,org.apache.commons.configuration.ConfigurationException
andes,org.apache.commons.configuration.XMLConfiguration
andes,org.wso2.andes.configuration.qpid.ExchangeConfiguration
andes,org.wso2.andes.configuration.qpid.ServerConfiguration
andes,org.wso2.andes.configuration.qpid.VirtualHostConfiguration
andes,org.wso2.andes.framing.AMQShortString
andes,org.wso2.andes.server.exchange.Exchange
andes,org.wso2.andes.server.registry.ApplicationRegistry
andes,org.wso2.andes.server.registry.ConfigurationFileApplicationRegistry
andes,org.wso2.andes.server.util.TestApplicationRegistry
andes,org.wso2.andes.server.virtualhost.VirtualHost
andes,org.wso2.andes.server.virtualhost.VirtualHostRegistry
andes,org.wso2.andes.test.utils.QpidTestCase
andes,java.io.BufferedWriter
andes,java.security.Provider
andes,java.security.Security
andes,org.apache.commons.configuration.CompositeConfiguration
andes,org.wso2.andes.server.security.auth.database.PlainPasswordFilePrincipalDatabase
andes,org.wso2.andes.server.security.auth.sasl.UsernamePrincipal
andes,org.wso2.andes.server.util.InternalBrokerBaseCase
andes,org.wso2.andes.server.security.auth.database.PrincipalDatabase
andes,org.wso2.andes.server.queue.AMQPriorityQueue
andes,org.wso2.andes.server.queue.AMQQueue
andes,org.wso2.andes.server.store.TestableMemoryMessageStore
andes,org.wso2.andes.AMQException
andes,org.wso2.andes.client.AMQSession
andes,org.wso2.andes.protocol.AMQConstant
android-1,android.accounts.AccountManager
android-1,android.view.View
android-1,android.widget.EditText
android-1,com.github.mobile.R.id
android-1,com.github.mobile.accounts.AccountUtils
android-1,com.github.mobile.accounts.LoginActivity
android-1,com.github.mobile.tests.ActivityTest
android-15-framework-src,org.apache.commons.codec.binary.Base64
android-15-framework-src,org.apache.harmony.xnet.provider.jsse.FileClientSessionCache
android-15-framework-src,org.apache.harmony.xnet.provider.jsse.OpenSSLContextImpl
android-15-framework-src,org.apache.harmony.xnet.provider.jsse.SSLClientSessionCache
android-15-framework-src,java.io.DataInputStream
android-15-framework-src,java.io.InputStream
android-15-framework-src,java.io.OutputStream
android-15-framework-src,java.io.PrintWriter
android-15-framework-src,java.net.InetSocketAddress
android-15-framework-src,java.net.Socket
android-15-framework-src,java.security.KeyStore
android-15-framework-src,java.security.KeyManagementException
android-15-framework-src,java.util.Random
android-15-framework-src,javax.net.ssl.KeyManager
android-15-framework-src,javax.net.ssl.KeyManagerFactory
android-15-framework-src,javax.net.ssl.SSLContext
android-15-framework-src,javax.net.ssl.SSLServerSocket
android-15-framework-src,javax.net.ssl.SSLSession
android-15-framework-src,javax.net.ssl.SSLSocket
android-15-framework-src,javax.net.ssl.SSLSocketFactory
android-15-framework-src,javax.net.ssl.TrustManager
android-15-framework-src,javax.net.ssl.X509TrustManager
android-bootstrap,org.hamcrest.Matchers.notNullValue
android-bootstrap,org.junit.Assert.assertThat
android-bootstrap,com.donnfelker.android.bootstrap.core.BootstrapService
android-bootstrap,com.donnfelker.android.bootstrap.core.User
android-bootstrap,android.test.ActivityInstrumentationTestCase2
android-bootstrap,android.widget.Button
android-bootstrap,com.donnfelker.android.bootstrap.authenticator.BootstrapAuthenticatorActivity
android-bootstrap,com.donnfelker.android.bootstrap.R
android-client,android.content.SharedPreferences
android-client,android.preference.PreferenceManager
android-client,com.mifos.mifosxdroid.online.LogoutActivity
android-client,com.mifos.objects.User
android-library,java.net.SocketTimeoutException
android-library,java.security.GeneralSecurityException
android-library,org.apache.commons.httpclient.ConnectTimeoutException
android-library,org.apache.commons.httpclient.HttpException
android-library,org.apache.commons.httpclient.methods.HeadMethod
android-library,org.apache.commons.httpclient.params.HttpMethodParams
android-library,org.apache.commons.httpclient.protocol.Protocol
android-library,org.apache.commons.httpclient.protocol.ProtocolSocketFactory
android-library,org.apache.http.HttpStatus
android-library,org.apache.jackrabbit.webdav.DavConstants
android-library,org.apache.jackrabbit.webdav.client.methods.PropFindMethod
android-library,junit.framework.AssertionFailedError
android-library,android.net.Uri
android-library,android.test.AndroidTestCase
android-library,android.util.Log
android-library,com.owncloud.android.lib.common.OwnCloudClient
android-library,com.owncloud.android.lib.common.OwnCloudCredentials
android-library,com.owncloud.android.lib.common.OwnCloudCredentialsFactory
android-library,com.owncloud.android.lib.common.accounts.AccountUtils
android-library,com.owncloud.android.lib.common.network.NetworkUtils
android-library,com.owncloud.android.lib.test_project.R
android-library,com.owncloud.android.lib.test_project.SelfSignedConfidentSslSocketFactory
android_development,android.app.Activity
android_development,android.app.Instrumentation
android_development,android.content.Context
android_development,android.content.Intent
android_development,android.test.suitebuilder.annotation.SmallTest
android_frameworks_base-1,com.android.org.conscrypt.FileClientSessionCache
android_frameworks_base-1,com.android.org.conscrypt.OpenSSLContextImpl
android_frameworks_base-1,com.android.org.conscrypt.SSLClientSessionCache
android_frameworks_base-1,android.os.Parcel
android_frameworks_base-1,javax.crypto.SecretKey
android_frameworks_base-1,javax.crypto.spec.IvParameterSpec
apache-cxf-3.0.2-src,javax.xml.namespace.QName
apache-cxf-3.0.2-src,javax.xml.ws.Service
apache-cxf-3.0.2-src,org.apache.cxf.Bus
apache-cxf-3.0.2-src,org.apache.cxf.bus.spring.SpringBusFactory
apache-cxf-3.0.2-src,org.apache.cxf.systest.sts.common.SecurityTestUtil
apache-cxf-3.0.2-src,org.apache.cxf.systest.sts.common.TestParam
apache-cxf-3.0.2-src,org.apache.cxf.systest.sts.deployment.STSServer
apache-cxf-3.0.2-src,org.apache.cxf.systest.sts.deployment.StaxSTSServer
apache-cxf-3.0.2-src,org.apache.cxf.testutil.common.AbstractBusClientServerTestBase
apache-cxf-3.0.2-src,org.example.contract.doubleit.DoubleItPortType
apache-cxf-3.0.2-src,org.junit.BeforeClass
apache-cxf-3.0.2-src,javax.xml.parsers.DocumentBuilder
apache-cxf-3.0.2-src,javax.xml.parsers.DocumentBuilderFactory
apache-cxf-3.0.2-src,javax.xml.parsers.ParserConfigurationException
apache-cxf-3.0.2-src,javax.xml.transform.dom.DOMSource
apache-cxf-3.0.2-src,javax.xml.ws.BindingProvider
apache-cxf-3.0.2-src,javax.xml.ws.Dispatch
apache-cxf-3.0.2-src,javax.xml.ws.soap.AddressingFeature
apache-cxf-3.0.2-src,org.w3c.dom.Document
apache-cxf-3.0.2-src,org.w3c.dom.Element
apache-cxf-3.0.2-src,org.apache.cxf.endpoint.Client
apache-cxf-3.0.2-src,org.apache.cxf.jaxws.DispatchImpl
apache-cxf-3.0.2-src,org.apache.cxf.systest.sts.common.TokenTestUtils
apache-cxf-3.0.2-src,org.apache.cxf.ws.security.SecurityConstants
apache-cxf-3.0.2-src,org.apache.cxf.ws.security.trust.STSClient
apache-cxf-3.0.2-src,org.apache.wss4j.dom.WSConstants
apache-cxf,java.io.StringReader
apache-cxf,java.net.HttpURLConnection
apache-cxf,javax.xml.ws.soap.SOAPFaultException
apache-cxf,org.apache.cxf.frontend.ClientProxy
apache-cxf,org.apache.cxf.helpers.DOMUtils
apache-cxf,org.apache.cxf.helpers.IOUtils
apache-cxf,org.apache.cxf.service.model.MessageInfo.Type
apache-cxf,org.apache.cxf.staxutils.StaxUtils
apache-cxf,org.apache.cxf.systest.ws.common.SecurityTestUtil
apache-cxf,org.apache.cxf.systest.ws.common.UTPasswordCallback
apache-cxf,org.apache.cxf.systest.ws.policy.javafirst.BindingSimpleService
apache-cxf,org.apache.cxf.systest.ws.policy.javafirst.NoAlternativesOperationSimpleService
apache-cxf,org.apache.cxf.systest.ws.policy.javafirst.OperationSimpleService
apache-cxf,org.apache.cxf.ws.policy.PolicyConstants
apache-cxf,org.apache.cxf.ws.security.wss4j.WSS4JOutInterceptor
apache-cxf,org.apache.neethi.Constants
apache-cxf,org.apache.wss4j.dom.handler.WSHandlerConstants
apache-cxf,org.springframework.context.support.ClassPathXmlApplicationContext
apache-cxf,java.util.TreeMap
apache-cxf,javax.servlet.ServletInputStream
apache-cxf,javax.servlet.ServletOutputStream
apache-cxf,javax.servlet.http.HttpServletRequest
apache-cxf,javax.xml.bind.JAXBElement
apache-cxf,org.apache.cxf.BusException
apache-cxf,org.apache.cxf.BusFactory
apache-cxf,org.apache.cxf.bus.extension.ExtensionManagerBus
apache-cxf,org.apache.cxf.common.util.Base64Utility
apache-cxf,org.apache.cxf.common.util.StringUtils
apache-cxf,org.apache.cxf.configuration.security.AuthorizationPolicy
apache-cxf,org.apache.cxf.continuations.SuspendedInvocationException
apache-cxf,org.apache.cxf.endpoint.EndpointResolverRegistry
apache-cxf,org.apache.cxf.helpers.CastUtils
apache-cxf,org.apache.cxf.io.AbstractWrappedOutputStream
apache-cxf,org.apache.cxf.message.ExchangeImpl
apache-cxf,org.apache.cxf.message.Message
apache-cxf,org.apache.cxf.message.MessageImpl
apache-cxf,org.apache.cxf.policy.PolicyDataEngine
apache-cxf,org.apache.cxf.security.transport.TLSSessionInfo
apache-cxf,org.apache.cxf.service.model.EndpointInfo
apache-cxf,org.apache.cxf.service.model.ServiceInfo
apache-cxf,org.apache.cxf.transport.Conduit
apache-cxf,org.apache.cxf.transport.ConduitInitiator
apache-cxf,org.apache.cxf.transport.ConduitInitiatorManager
apache-cxf,org.apache.cxf.transport.Destination
apache-cxf,org.apache.cxf.transport.MessageObserver
apache-cxf,org.apache.cxf.transport.http.AbstractHTTPDestination
apache-cxf,org.apache.cxf.transport.http.ContinuationProviderFactory
apache-cxf,org.apache.cxf.transport.http.DestinationRegistry
apache-cxf,org.apache.cxf.transport.http.HTTPTransportFactory
apache-cxf,org.apache.cxf.transports.http.configuration.HTTPServerPolicy
apache-cxf,org.apache.cxf.ws.addressing.AddressingProperties
apache-cxf,org.apache.cxf.ws.addressing.EndpointReferenceType
apache-cxf,org.apache.cxf.ws.addressing.EndpointReferenceUtils
apache-cxf,org.apache.cxf.ws.addressing.JAXWSAConstants
apache-cxf,org.easymock.EasyMock
apache-cxf,org.eclipse.jetty.http.HttpFields
apache-cxf,org.eclipse.jetty.server.Request
apache-cxf,org.eclipse.jetty.server.Response
apache-cxf,javax.servlet.http.HttpServletResponse
apache-cxf,org.apache.cxf.transport.http.netty.server.util.Utils
apache-cxf,java.util.Properties
apache-cxf,javax.security.auth.callback.Callback
apache-cxf,javax.security.auth.callback.CallbackHandler
apache-cxf,javax.security.auth.callback.UnsupportedCallbackException
apache-cxf,org.apache.cxf.endpoint.Server
apache-cxf,org.apache.cxf.interceptor.LoggingInInterceptor
apache-cxf,org.apache.cxf.interceptor.LoggingOutInterceptor
apache-cxf,org.apache.cxf.jaxws.JaxWsProxyFactoryBean
apache-cxf,org.apache.cxf.jaxws.JaxWsServerFactoryBean
apache-cxf,org.apache.cxf.service.Service
apache-cxf,org.apache.cxf.transport.local.LocalTransportFactory
apache-cxf,org.apache.wss4j.common.ConfigurationConstants
apache-cxf,org.apache.wss4j.common.crypto.CryptoFactory
apache-cxf,org.apache.wss4j.common.ext.WSPasswordCallback
apache-cxf,org.apache.wss4j.stax.ext.WSSConstants
apache-cxf,org.apache.wss4j.stax.ext.WSSSecurityProperties
apache-cxf,org.apache.wss4j.stax.securityToken.WSSecurityTokenConstants
apache-cxf,org.apache.xml.security.stax.ext.SecurePart
apache-cxf,javax.ws.rs.core.HttpHeaders
apache-cxf,javax.ws.rs.core.Response
apache-cxf,org.apache.cxf.jaxrs.client.JAXRSClientFactory
apache-cxf,org.apache.cxf.jaxrs.client.WebClient
apache-cxf,org.apache.cxf.systest.jaxrs.Book
apache-cxf,java.lang.reflect.Method
apache-cxf,java.util.logging.Logger
apache-cxf,org.apache.cxf.aegis.databinding.AegisDatabinding
apache-cxf,org.apache.cxf.authservice.AuthService
apache-cxf,org.apache.cxf.authservice.Authenticate
apache-cxf,org.apache.cxf.common.logging.LogUtils
apache-cxf,org.apache.cxf.endpoint.dynamic.DynamicClientFactory
apache-cxf,org.apache.cxf.frontend.ClientProxyFactoryBean
apache-cxf,org.apache.cxf.systest.aegis.SportsService.Pair
apache-cxf,org.apache.cxf.test.TestUtilities
apache-cxf,org.apache.cxf.systest.ws.common.TestParam
apache-oltu-oauth2-provider-demo,java.net.URLConnection
apache-oltu-oauth2-provider-demo,org.apache.oltu.oauth2.common.error.OAuthError
apache-oltu-oauth2-provider-demo,org.apache.oltu.oauth2.common.utils.OAuthUtils
apache-oltu-oauth2-provider-demo,com.bilyoner.api.demo.TestContent
apache-tomcat-7.0.57,org.apache.catalina.Context
apache-tomcat-7.0.57,org.apache.catalina.deploy.LoginConfig
apache-tomcat-7.0.57,org.apache.catalina.deploy.SecurityCollection
apache-tomcat-7.0.57,org.apache.catalina.deploy.SecurityConstraint
apache-tomcat-7.0.57,org.apache.catalina.session.ManagerBase
apache-tomcat-7.0.57,org.apache.catalina.startup.TesterServlet
apache-tomcat-7.0.57,org.apache.catalina.startup.Tomcat
apache-tomcat-7.0.57,org.apache.catalina.startup.TomcatBaseTest
apache-tomcat-7.0.57,org.apache.tomcat.util.buf.B2CConverter
apache-tomcat-7.0.57,org.apache.tomcat.util.buf.ByteChunk
apache-tomcat-7.0.57,org.apache.tomcat.util.codec.binary.Base64
apache-tomcat-7.0.57,org.apache.catalina.LifecycleException
apache-tomcat-7.0.57,org.apache.catalina.connector.Request
apache-tomcat-7.0.57,org.apache.catalina.core.TesterContext
apache-tomcat-7.0.57,org.apache.catalina.startup.TestTomcat.MapRealm
apache-tomcat-7.0.57,org.apache.tomcat.util.security.ConcurrentMessageDigest
apache-tomcat-7.0.57,org.apache.tomcat.util.security.MD5Encoder
apache-tomcat-7.0.57,javax.servlet.Filter
apache-tomcat-7.0.57,javax.servlet.FilterChain
apache-tomcat-7.0.57,javax.servlet.FilterConfig
apache-tomcat-7.0.57,javax.servlet.HttpConstraintElement
apache-tomcat-7.0.57,javax.servlet.MultipartConfigElement
apache-tomcat-7.0.57,javax.servlet.Servlet
apache-tomcat-7.0.57,javax.servlet.ServletContainerInitializer
apache-tomcat-7.0.57,javax.servlet.ServletContext
apache-tomcat-7.0.57,javax.servlet.ServletException
apache-tomcat-7.0.57,javax.servlet.ServletRegistration
apache-tomcat-7.0.57,javax.servlet.ServletRequest
apache-tomcat-7.0.57,javax.servlet.ServletResponse
apache-tomcat-7.0.57,javax.servlet.ServletSecurityElement
apache-tomcat-7.0.57,javax.servlet.annotation.MultipartConfig
apache-tomcat-7.0.57,javax.servlet.annotation.ServletSecurity.TransportGuarantee
apache-tomcat-7.0.57,javax.servlet.http.HttpServlet
apache-tomcat-7.0.57,org.hamcrest.CoreMatchers
apache-tomcat-7.0.57,org.junit.Assert.assertNotSame
apache-tomcat-7.0.57,org.apache.catalina.Lifecycle
apache-tomcat-7.0.57,org.apache.catalina.LifecycleEvent
apache-tomcat-7.0.57,org.apache.catalina.LifecycleListener
apache-tomcat-7.0.57,org.apache.catalina.LifecycleState
apache-tomcat-7.0.57,org.apache.catalina.Wrapper
apache-tomcat-7.0.57,org.apache.catalina.authenticator.BasicAuthenticator
apache-tomcat-7.0.57,org.apache.catalina.deploy.FilterDef
apache-tomcat-7.0.57,org.apache.catalina.deploy.FilterMap
apache-tomcat-7.0.57,org.apache.catalina.loader.WebappLoader
apache-tomcat-7.0.57,org.apache.catalina.startup.SimpleHttpClient
apache-tomcat-7.0.57,org.apache.catalina.authenticator.Constants
apache-tomcat-7.0.57,java.io.BufferedReader
apache-tomcat-7.0.57,java.io.InputStreamReader
apache-tomcat-7.0.57,java.io.OutputStreamWriter
apache-tomcat-7.0.57,java.util.Enumeration
apache-tomcat-7.0.57,org.apache.catalina.filters.FailedRequestFilter
api-themoviedb,com.omertron.themoviedbapi.model
api-themoviedb,com.omertron.themoviedbapi.results.TmdbResultsList
api-themoviedb,com.omertron.themoviedbapi.results.TmdbResultsMap
api-themoviedb,org.apache.commons.lang3.StringUtils
api-themoviedb,org.apache.commons.lang3.math.NumberUtils
api-themoviedb,org.junit
apis,org.mockito.InjectMocks
apis,org.mockito.Mock
apis,org.mockito.MockitoAnnotations
apis,org.surfnet.oaaas.auth.principal.AuthenticatedPrincipal
apis,org.surfnet.oaaas.model.ResourceOwner
apis,org.surfnet.oaaas.repository.ResourceOwnerRepository
aura,org.auraframework.Aura
aura,org.auraframework.def.AttributeDef
aura,org.auraframework.def.ComponentDef
aura,org.auraframework.def.DefDescriptor
aura,org.auraframework.def.EventType
aura,org.auraframework.def.RegisterEventDef
aura,org.auraframework.service.DefinitionService
aura,org.auraframework.system.AuraContext.Authentication
aura,org.auraframework.system.AuraContext.Format
aura,org.auraframework.system.AuraContext.Mode
aura,org.auraframework.test.AuraTestCase
aura,com.google.common.collect.Lists
aura,com.google.common.collect.Sets
aura,javax.servlet.http.Cookie
aura,org.auraframework.def.ApplicationDef
aura,org.auraframework.def.SVGDef
aura,org.auraframework.impl.system.DefDescriptorImpl
aura,org.auraframework.system.AuraContext
aura,org.auraframework.system.Client
aura,org.auraframework.system.Client.Type
aura,org.auraframework.system.SourceListener
aura,org.auraframework.test.DummyHttpServletRequest
aura,org.auraframework.test.DummyHttpServletResponse
aura,org.auraframework.test.client.UserAgent
aura,java.net.URLDecoder
aura,org.auraframework.clientlibrary.ClientLibraryResolver
aura,org.auraframework.clientlibrary.ClientLibraryService
aura,org.auraframework.def.BaseComponentDef
aura,org.auraframework.def.ClientLibraryDef
aura,org.auraframework.def.ClientLibraryDef.Type
aura,org.auraframework.impl.AuraImplTestCase
aura,org.auraframework.service.ContextService
aura,org.auraframework.test.annotation.UnAdaptableTest
aura,org.auraframework.throwable.AuraRuntimeException
aura,org.auraframework.throwable.NoContextException
aura,org.auraframework.throwable.quickfix.ClientLibraryException
aura,org.auraframework.throwable.quickfix.QuickFixException
aura,org.auraframework.util.json.JsonReader
aura,org.auraframework.css.ThemeList
aura,org.auraframework.def.EventDef
aura,org.auraframework.def.ThemeDef
aura,org.auraframework.def.TypeDef
aura,org.auraframework.impl.root.AttributeDefImpl
aura,org.auraframework.impl.root.event.EventDefImpl
aura,org.auraframework.instance.Event
aura,org.auraframework.util.json.Json
aura,com.google.common.collect.Maps
aura,org.auraframework.adapter.ContextAdapter
aura,org.auraframework.impl.AuraImpl
aura,org.auraframework.def.DefDescriptor.DefType
aura,org.auraframework.def.Definition
aura,org.auraframework.def.DescriptorFilter
aura,org.auraframework.def.StyleDef
aura,org.auraframework.impl.context.AuraRegistryProviderImpl
aura,org.auraframework.impl.system.DefFactoryImpl
aura,org.auraframework.impl.system.DefinitionImpl
aura,org.auraframework.instance.BaseComponent
aura,org.auraframework.system.DefRegistry
aura,org.auraframework.system.SourceLoader
aura,org.auraframework.throwable.ClientOutOfSyncException
aura,org.auraframework.throwable.NoAccessException
aura,org.auraframework.throwable.quickfix.DefinitionNotFoundException
aura,com.google.common.collect.ImmutableMap
aura,com.google.common.collect.ImmutableSet
aura,java.util.regex.Matcher
aura,java.util.regex.Pattern
aura,org.auraframework.def.InterfaceDef
aura,org.auraframework.integration.Integration
aura,org.auraframework.integration.IntegrationServiceObserver
aura,org.auraframework.integration.UnsupportedUserAgentException
aura,org.auraframework.service.IntegrationService
aura,org.auraframework.test.AuraTestingMarkupUtil
aura,org.auraframework.def.AttributeDefRef
aura,org.auraframework.def.BaseComponentDef.WhitespaceBehavior
aura,org.auraframework.def.ControllerDef
aura,org.auraframework.def.Definition.Visibility
aura,org.auraframework.def.DefinitionAccess
aura,org.auraframework.def.DependencyDef
aura,org.auraframework.def.EventHandlerDef
aura,org.auraframework.def.HelperDef
aura,org.auraframework.def.ModelDef
aura,org.auraframework.def.RendererDef
aura,org.auraframework.def.ImportDef
aura,org.auraframework.def.RootDefinition.SupportLevel
aura,org.auraframework.def.TestSuiteDef
aura,org.auraframework.expression.PropertyReference
aura,org.auraframework.impl.expression.PropertyReferenceImpl
aura,org.auraframework.impl.root.RootDefinitionImplUnitTest
aura,org.auraframework.impl.root.component.BaseComponentDefImpl.Builder
aura,org.auraframework.system.Location
aura,org.auraframework.throwable.quickfix.InvalidAccessValueException
aura,org.auraframework.throwable.quickfix.InvalidDefinitionException
aura,org.auraframework.def.VarDef
aura,org.auraframework.impl.root.theme.VarDefImpl.Builder
aura,org.auraframework.impl.system.DefinitionImplUnitTest
aura,java.io.StringWriter
aura,org.auraframework.def.ActionDef
aura,org.auraframework.def.ValueDef
aura,org.auraframework.instance.AbstractActionImpl
aura,org.auraframework.instance.Action
aura,org.auraframework.instance.ActionDelegate
aura,org.auraframework.instance.Component
aura,org.auraframework.service.ServerService
aura,org.auraframework.system.Message
aura,org.auraframework.system.SubDefDescriptor
aura,org.auraframework.throwable.AuraExecutionException
aura,org.auraframework.impl.DefinitionAccessImpl
aura,org.auraframework.impl.system.DefinitionImpl.RefBuilderImpl
aura,org.auraframework.test.UnitTestCase
aura,org.auraframework.util.text.Hash
aura,org.mockito.Matchers.anyString
aura,org.mockito.Mockito.times
aura,java.util.concurrent.locks.Lock
aura,org.auraframework.adapter.ConfigAdapter
aura,org.auraframework.adapter.RegistryAdapter
aura,org.auraframework.cache.Cache
aura,org.auraframework.def.LayoutsDef
aura,org.auraframework.def.NamespaceDef
aura,org.auraframework.impl.source.StringSourceLoader
aura,org.auraframework.service.BuilderService
aura,org.auraframework.service.CachingService
aura,org.auraframework.system.DependencyEntry
aura,org.auraframework.system.MasterDefRegistry
aura,org.auraframework.system.Source
aura,org.auraframework.test.AuraTestingUtil
aura,org.auraframework.test.ServiceLocatorMocker
aura,org.auraframework.test.annotation.ThreadHostileTest
aura,org.auraframework.test.util.AuraPrivateAccessor
aura,org.auraframework.util.ServiceLoader
aura,org.mockito.internal.util.MockUtil
aura,org.mockito.invocation.InvocationOnMock
aura,org.mockito.stubbing.Answer
aura,com.google.common.base.Optional
aura,org.auraframework.def.ProviderDef
aura,org.auraframework.instance.ComponentConfig
aura,org.auraframework.system.Annotations.AuraEnabled
aura,org.auraframework.system.Annotations.Controller
aura,org.auraframework.test.WebDriverTestCase
aura,org.openqa.selenium.By
aura,java.text.SimpleDateFormat
aura,java.util.Date
aura,java.util.TimeZone
aura,org.auraframework.test.WebDriverUtil.BrowserType
aura,org.auraframework.test.annotation.FreshBrowserInstance
aura,org.auraframework.test.controller.TestLoggingAdapterController
aura,org.auraframework.util.AuraTextUtil
aura,org.openqa.selenium.Cookie
aura,org.openqa.selenium.StaleElementReferenceException
aura,org.openqa.selenium.WebDriver
aura,org.openqa.selenium.WebElement
aura,org.openqa.selenium.support.ui.ExpectedCondition
aura,com.google.common.base.Function
aura,com.google.common.collect.ImmutableList
aura,org.auraframework.test.IntegrationTestCase
aura,org.auraframework.controller.java.ServletConfigController
aura,org.openqa.selenium.support.ui.WebDriverWait
aura,org.apache.http.HttpResponse
aura,org.apache.http.client.methods.HttpPost
aura,org.auraframework.http.AuraBaseServlet
aura,org.auraframework.test.AuraHttpTestCase
aura,org.auraframework.test.annotation.AuraTestLabels
azure-storage-java,java.net.URI
azure-storage-java,java.net.URISyntaxException
azure-storage-java,java.text.ParseException
azure-storage-java,java.util.Calendar
azure-storage-java,java.util.GregorianCalendar
azure-storage-java,java.util.NoSuchElementException
azure-storage-java,java.util.UUID
azure-storage-java,com.microsoft.azure.storage.Constants
azure-storage-java,com.microsoft.azure.storage.StorageException
azure-storage-java,com.microsoft.azure.storage.StorageLocation
azure-storage-java,com.microsoft.azure.storage.TestRunners.CloudTests
azure-storage-java,com.microsoft.azure.storage.TestRunners.DevFabricTests
azure-storage-java,com.microsoft.azure.storage.TestRunners.DevStoreTests
azure-storage-java,com.microsoft.azure.storage.blob.CloudBlobContainer
azure-storage-java,com.microsoft.azure.storage.blob.CloudBlockBlob
azure-storage-java,com.microsoft.azure.storage.blob.ListBlobItem
azure-storage-java,com.microsoft.azure.storage.table.CloudTable
azure-storage-java,java.io.ByteArrayOutputStream
azure-storage-java,java.security.NoSuchAlgorithmException
azure-storage-java,com.microsoft.azure.storage.NameValidator
azure-storage-java,com.microsoft.azure.storage.OperationContext
azure-storage-java,com.microsoft.azure.storage.RetryNoRetry
azure-storage-java,com.microsoft.azure.storage.SendingRequestEvent
azure-storage-java,com.microsoft.azure.storage.StorageErrorCodeStrings
azure-storage-java,com.microsoft.azure.storage.StorageEvent
azure-storage-java,com.microsoft.azure.storage.core.Base64
bonita-engine,java.io.Serializable
bonita-engine,org.bonitasoft.engine.CommonServiceTest
bonita-engine,org.bonitasoft.engine.builder.BuilderFactory
bonita-engine,org.bonitasoft.engine.identity.IdentityService
bonita-engine,org.bonitasoft.engine.identity.model.SUser
bonita-engine,org.bonitasoft.engine.identity.model.builder.SUserBuilder
bonita-engine,org.bonitasoft.engine.identity.model.builder.SUserBuilderFactory
bonita-engine,org.assertj.core.api.Assertions.assertThat
bonita-engine,org.mockito.Matchers.anyMapOf
bonita-engine,org.mockito.Mockito.doReturn
bonita-engine,org.mockito.Mockito.spy
bonita-engine,org.bonitasoft.engine.authentication.AuthenticationConstants
bonita-engine,org.bonitasoft.engine.authentication.AuthenticationException
bonita-engine,org.bonitasoft.engine.authentication.AuthenticationService
bonita-engine,org.bonitasoft.engine.authentication.GenericAuthenticationService
bonita-engine,org.bonitasoft.engine.session.SessionService
bonita-engine,org.bonitasoft.engine.session.model.SSession
bonita-engine,org.bonitasoft.engine.sessionaccessor.SessionAccessor
bonita-engine,org.mockito.runners.MockitoJUnitRunner
bonita-engine,org.mockito.Mockito.doNothing
bonita-engine,org.mockito.Mockito.doThrow
bonita-engine,org.bonitasoft.engine.core.platform.login.SPlatformLoginException
bonita-engine,org.bonitasoft.engine.platform.authentication.PlatformAuthenticationService
bonita-engine,org.bonitasoft.engine.platform.authentication.SInvalidPasswordException
bonita-engine,org.bonitasoft.engine.platform.authentication.SInvalidUserException
bonita-engine,org.bonitasoft.engine.platform.session.PlatformSessionService
bonita-engine,org.bonitasoft.engine.platform.session.SSessionException
bonita-engine,org.bonitasoft.engine.platform.session.SSessionNotFoundException
bonita-engine,org.bonitasoft.engine.platform.session.model.SPlatformSession
camel,org.apache.camel.Exchange
camel,org.apache.camel.FailedToCreateProducerException
camel,org.apache.camel.Processor
camel,org.apache.camel.RuntimeCamelException
camel,org.apache.camel.builder.RouteBuilder
camel,org.apache.camel.component.http.HttpOperationFailedException
camel,org.apache.camel.impl.JndiRegistry
camel,org.eclipse.jetty.security.ConstraintMapping
camel,org.eclipse.jetty.security.ConstraintSecurityHandler
camel,org.eclipse.jetty.security.HashLoginService
camel,org.eclipse.jetty.security.SecurityHandler
camel,org.eclipse.jetty.security.authentication.BasicAuthenticator
camel,org.eclipse.jetty.util.security.Constraint
